{"train_loss": 33.18352127075195, "_timestamp": 1711023770.525395, "train_edge_loss": 0.041186533868312836, "train_human_parts_loss": 1.9683012962341309, "train_semseg_loss": 2.976181983947754, "train_normals_loss": 2.2846686840057373, "train_sal_loss": 0.2729445695877075, "learning rate": 5.0000000000000004e-08, "val_loss": 4.1983057975769045, "val_edge_loss": 0.053668456917901855, "val_human_parts_loss": 0.2611881896853447, "val_semseg_loss": 0.3852148711681366, "val_normals_loss": 0.2878341779112816, "val_sal_loss": 0.02817899817600846, "val_human_parts_mIoU": 0.010342828621236052, "val_semseg_mIoU": 0.02349717802708429, "val_normals_mean": 93.29789052410517, "val_sal_maxF": 0.2347070425748825, "_runtime": 44.94082999229431, "_step": 0}