{"_wandb": {"runtime": 319}, "val_loss": 27.828766974673908, "_timestamp": 1711020048.1084626, "val_edge_loss": 0.054337074611188786, "val_human_parts_loss": 1.844130169054505, "val_semseg_loss": 3.0566241057815065, "val_normals_loss": 1.7681924400815539, "val_sal_loss": 0.2511851585404888, "val_human_parts_mIoU": 0.08888465972638517, "val_semseg_mIoU": 0.0019828631454554095, "val_normals_mean": 75.05802623420193, "val_sal_maxF": 0.2899531424045563, "_runtime": 314.7936165332794, "_step": 0}