{"train_loss": 3.244786024093628, "_timestamp": 1711473671.8548222, "train_depth_loss": 1.5448898077011108, "train_semseg_loss": 0.1307612508535385, "learning rate": 0.0, "val_loss": 6.051076292991638, "val_depth_loss": 2.687155842781067, "val_semseg_loss": 0.25876311492174864, "val_depth_rmse": 6.018381348994473, "val_depth_log_rmse": 0.42426652991945824, "val_depth_abs_rel": 0.26681494425777835, "val_depth_sq_rel": 8.765884882675106, "val_semseg_mIoU": 0.5520561596477839, "_runtime": 16847.517611265182, "_step": 4650, "epoch_loss_train": 3.542357885709373, "_wandb": {"runtime": 16856}}