{"train_loss": 9.87070083618164, "_timestamp": 1711023676.755648, "train_edge_loss": 0.024246234446763992, "train_human_parts_loss": 0.6382341384887695, "train_semseg_loss": 1.2221089601516724, "train_normals_loss": 0.5017449855804443, "train_sal_loss": 0.12924492359161377, "val_loss": 1.476241761445999, "val_edge_loss": 0.0451244228923643, "val_human_parts_loss": 0.07499184757471085, "val_semseg_loss": 0.160666386410594, "val_normals_loss": 0.09595942161977292, "val_sal_loss": 0.011501455213874578, "val_human_parts_mIoU": 0.13106144998264127, "val_semseg_mIoU": 0.03769464718787627, "val_normals_mean": 29.408391196205418, "val_sal_maxF": 0.7693668603897095, "_runtime": 1492.3975348472595, "_step": 1486, "_wandb": {"runtime": 1491}}