{"train_loss": 73.06149291992188, "_timestamp": 1711456670.6773846, "train_depth_loss": 35.240474700927734, "train_semseg_loss": 2.909308910369873, "learning rate": 2.428571428571429e-06, "val_loss": 73.55319547653198, "val_depth_loss": 35.49217510223389, "val_semseg_loss": 2.9277708530426025, "val_depth_rmse": 38.02697065517922, "val_depth_log_rmse": 10.521349437514292, "val_depth_abs_rel": 0.9927579065502683, "val_depth_sq_rel": 30.580454744785253, "val_semseg_mIoU": 0.01232805107812323, "_runtime": 167.5889265537262, "_step": 33, "_wandb": {"runtime": 168}}