{"_wandb": {"runtime": 4}, "train_loss": 38.000240325927734, "_timestamp": 1711014028.6922743, "train_edge_loss": 0.04709385707974434, "train_human_parts_loss": 1.9847676753997803, "train_semseg_loss": 2.8899669647216797, "train_normals_loss": 2.7448511123657227, "train_sal_loss": 0.267506867647171, "_runtime": 5.539037227630615, "_step": 0}