{"_wandb": {"runtime": 323}, "val_loss": 26.12589249337555, "_timestamp": 1711019458.9886882, "val_edge_loss": 0.05428223188008731, "val_human_parts_loss": 1.801507591441938, "val_semseg_loss": 3.1450053218064036, "val_normals_loss": 1.5975000471066518, "val_sal_loss": 0.25304104065059857, "val_human_parts_mIoU": 0.10722121032844321, "val_semseg_mIoU": 0.0013545265569547224, "val_normals_mean": 71.22085741409349, "val_sal_maxF": 0.29331499338150024, "_runtime": 319.7714912891388, "_step": 0}