{"train_loss": 72.65945434570312, "_timestamp": 1711450000.3087723, "train_depth_loss": 34.53972244262695, "train_semseg_loss": 2.9322869777679443, "learning rate": 3.0000000000000004e-07, "val_loss": 73.60483837127686, "val_depth_loss": 35.501189947128296, "val_semseg_loss": 2.931049883365631, "val_depth_rmse": 38.03552296641353, "val_depth_log_rmse": 11.949865367267098, "val_depth_abs_rel": 0.9931337725857643, "val_depth_sq_rel": 30.59756239793969, "val_semseg_mIoU": 0.0103329801172233, "_runtime": 118.29849743843079, "_step": 5, "_wandb": {"runtime": 119}}