{"_wandb": {"runtime": 39}, "val_loss": 1.5688641663569554, "_timestamp": 1711020552.7207966, "val_edge_loss": 0.055769808384683914, "val_human_parts_loss": 0.13024907127307478, "val_semseg_loss": 0.21058412721961928, "val_normals_loss": 0.08434782666005906, "val_sal_loss": 0.01752226586174813, "val_human_parts_mIoU": 0.0625391262297869, "val_semseg_mIoU": 0.0018947708956798125, "val_normals_mean": 49.57746169415044, "val_sal_maxF": 0.2906035780906677, "_runtime": 34.95279359817505, "_step": 0}