{"train_loss": 22.702342987060547, "_timestamp": 1711021584.3974347, "train_edge_loss": 0.046000830829143524, "train_human_parts_loss": 1.8945757150650024, "train_semseg_loss": 3.1639533042907715, "train_normals_loss": 1.2576762437820435, "train_sal_loss": 0.1744869202375412, "val_loss": 1.5929170353397442, "val_edge_loss": 0.054574872508223016, "val_human_parts_loss": 0.13267319293538476, "val_semseg_loss": 0.2202583665301086, "val_normals_loss": 0.08658251337185027, "val_sal_loss": 0.017616666711060106, "val_human_parts_mIoU": 0.015377791299947959, "val_semseg_mIoU": 0.00047519441159141776, "val_normals_mean": 47.861876259934434, "val_sal_maxF": 0.29233384132385254, "_runtime": 118.49605965614319, "_step": 65, "_wandb": {"runtime": 118}}