{"train_loss": 2.4082584381103516, "_timestamp": 1712094855.7682781, "train_depth_loss": 1.238317847251892, "train_semseg_loss": 0.08999543637037277, "learning rate": 9.820302540660814e-06, "val_loss": 2.242431438652573, "val_depth_loss": 1.2415572420047347, "val_semseg_loss": 0.07699032255988213, "val_depth_rmse": 3.750186276271755, "val_depth_log_rmse": 0.6287868195418159, "val_depth_abs_rel": 0.10206218808691939, "val_depth_sq_rel": 2.125031187898466, "val_semseg_mIoU": 0.8353559793829457, "_runtime": 92599.7954530716, "_step": 22407, "epoch_loss_train": 2.331063480949402}