{"train_loss": 4.853153705596924, "_timestamp": 1711983894.9406729, "train_depth_loss": 2.493210554122925, "train_semseg_loss": 0.18153409659862518, "learning rate": 3.0892527810976e-05, "val_loss": 7.162950061798096, "val_depth_loss": 2.8815786724090575, "val_semseg_loss": 0.32933626130223276, "val_depth_rmse": 6.099710491760903, "val_depth_log_rmse": 0.4876112944432268, "val_depth_abs_rel": 0.2746882360257952, "val_depth_sq_rel": 8.666248865369791, "val_semseg_mIoU": 0.35763832039712024, "_runtime": 17351.625524759293, "_step": 8466, "epoch_loss_train": 5.723049751532975}