{"train_loss": 72.73588562011719, "_timestamp": 1711455630.4551833, "train_depth_loss": 34.58219909667969, "train_semseg_loss": 2.934899091720581, "learning rate": 2.5000000000000004e-07, "val_loss": 73.77558422088623, "val_depth_loss": 35.61146879196167, "val_semseg_loss": 2.9357011765241623, "val_depth_rmse": 38.070549084709064, "val_depth_log_rmse": 16.522586472547456, "val_depth_abs_rel": 0.9962887006645106, "val_depth_sq_rel": 30.68288867038471, "val_semseg_mIoU": 0.011926353741983375, "_runtime": 109.94225335121155, "_step": 4, "_wandb": {"runtime": 110}}