{"train_loss": 5.88628625869751, "_timestamp": 1711052759.6809754, "train_edge_loss": 0.02376556396484375, "train_human_parts_loss": 0.3310839533805847, "train_semseg_loss": 0.6664385795593262, "train_normals_loss": 0.28799083828926086, "train_sal_loss": 0.09789864718914032, "learning rate": 0.0, "val_loss": 6.5259595066308975, "val_edge_loss": 0.0433018846628745, "val_human_parts_loss": 0.31071495804935695, "val_semseg_loss": 0.6290516048669815, "val_normals_loss": 0.4045550305396318, "val_sal_loss": 0.069934243359603, "val_human_parts_mIoU": 0.37627038688975195, "val_semseg_mIoU": 0.20902443495205403, "val_normals_mean": 16.170070649368544, "val_sal_maxF": 0.8320808410644531, "_runtime": 12849.323101520538, "_step": 7850, "epoch_loss_train": 6.281238440495388, "_wandb": {"runtime": 12869}}