{"train_loss": 25.835012435913086, "_timestamp": 1711020930.1934817, "train_edge_loss": 0.04566578194499016, "train_human_parts_loss": 1.8571187257766724, "train_semseg_loss": 3.0105319023132324, "train_normals_loss": 1.5383368730545044, "train_sal_loss": 0.28871721029281616, "val_loss": 1.838297485545942, "val_edge_loss": 0.05529750423465468, "val_human_parts_loss": 0.12911612744543963, "val_semseg_loss": 0.211861501074141, "val_normals_loss": 0.11194876272966907, "val_sal_loss": 0.017600808743458644, "val_human_parts_mIoU": 0.053263451710167116, "val_semseg_mIoU": 0.0012360087545009318, "val_normals_mean": 61.49982728340004, "val_sal_maxF": 0.29243192076683044, "_runtime": 190.14978861808777, "_step": 104, "_wandb": {"runtime": 190}}