{"train_loss": 4.433467864990234, "_timestamp": 1711477644.0535626, "train_depth_loss": 2.7242226600646973, "train_semseg_loss": 0.1314803808927536, "learning rate": 4.518461378330051e-05, "val_loss": 6.250792881965637, "val_depth_loss": 3.1989449071884155, "val_semseg_loss": 0.23475753647089004, "val_depth_rmse": 6.399253020376016, "val_depth_log_rmse": 0.6358435936968193, "val_depth_abs_rel": 0.28635941734800285, "val_depth_sq_rel": 8.849303520371869, "val_semseg_mIoU": 0.4906362582623672, "_runtime": 11125.28330874443, "_step": 5780, "epoch_loss_train": 5.624627508944081}