{"_wandb": {"runtime": 330}, "val_loss": 33.86132078532931, "_timestamp": 1711018557.9395812, "val_edge_loss": 0.05502866268532038, "val_human_parts_loss": 1.9022086390966102, "val_semseg_loss": 3.0770380285721792, "val_normals_loss": 2.3479454185389264, "val_sal_loss": 0.25199658678302284, "val_human_parts_mIoU": 0.018650039293678457, "val_semseg_mIoU": 0.0015617969118247184, "val_normals_mean": 98.90397220598929, "val_sal_maxF": 0.2903282344341278, "_runtime": 330.7300760746002, "_step": 0}