{"train_loss": 23.308238983154297, "_timestamp": 1711021414.9108295, "train_edge_loss": 0.044971611350774765, "train_human_parts_loss": 2.094799280166626, "train_semseg_loss": 2.9030070304870605, "train_normals_loss": 1.243604302406311, "train_sal_loss": 0.3062019348144531, "val_loss": 1.6549336864690112, "val_edge_loss": 0.05480674910651677, "val_human_parts_loss": 0.1432077960603556, "val_semseg_loss": 0.20275342995953408, "val_normals_loss": 0.09213799655817118, "val_sal_loss": 0.017687902803633623, "val_human_parts_mIoU": 0.01677501957183383, "val_semseg_mIoU": 0.026245344731817045, "val_normals_mean": 51.569112465730264, "val_sal_maxF": 0.2912464439868927, "_runtime": 206.13371562957764, "_step": 124}