{"train_loss": 3.4200119972229004, "_timestamp": 1711408972.4577427, "train_depth_loss": 2.4191598892211914, "train_semseg_loss": 0.07698862254619598, "learning rate": 2.7125924453791596e-05, "val_loss": 4.872314992904663, "val_depth_loss": 2.6010099811553955, "val_semseg_loss": 0.17471577142179012, "val_depth_rmse": 5.177920065658343, "val_depth_log_rmse": 0.5454252851784894, "val_depth_abs_rel": 0.17716771195530567, "val_depth_sq_rel": 3.418007147519869, "val_semseg_mIoU": 0.6849821886229807, "_runtime": 14816.49261379242, "_step": 12254, "epoch_loss_train": 3.4571716658050016}