{"train_loss": 6.043946266174316, "_timestamp": 1711393945.4883966, "train_depth_loss": 3.5999624729156494, "train_semseg_loss": 0.24439841508865356, "learning rate": 4.999786538256146e-05, "val_loss": 8.788315853118897, "val_depth_loss": 4.5029131097793575, "val_semseg_loss": 0.42854027104377745, "val_depth_rmse": 7.5284212553214, "val_depth_log_rmse": 0.4342111917259257, "val_depth_abs_rel": 0.43270972944252784, "val_depth_sq_rel": 10.575376651697987, "val_semseg_mIoU": 0.25368402931022843, "_runtime": 1544.743177652359, "_step": 1098, "epoch_loss_train": 10.335743941607014, "_wandb": {"runtime": 1544}}