{"train_loss": 288.8861389160156, "_timestamp": 1711392337.1900263, "train_depth_loss": 39.579402923583984, "train_semseg_loss": 2.493067502975464, "learning rate": 1e-05, "val_loss": 331.10470263671874, "val_depth_loss": 35.613483848571775, "val_semseg_loss": 2.9549121961593627, "val_depth_rmse": 38.054609848127804, "val_depth_log_rmse": 13.965064515995934, "val_depth_abs_rel": 0.9952275272346484, "val_depth_sq_rel": 30.64798312535348, "val_semseg_mIoU": 0.010245725984698653, "_runtime": 349.34220933914185, "_step": 199, "_wandb": {"runtime": 348}}