{"train_loss": 66.18710327148438, "_timestamp": 1711456148.3216863, "train_depth_loss": 33.08296585083008, "train_semseg_loss": 2.5464725494384766, "learning rate": 8.7e-06, "val_loss": 73.69263172149658, "val_depth_loss": 35.72255611419678, "val_semseg_loss": 2.92077499628067, "val_depth_rmse": 38.10766242306275, "val_depth_log_rmse": 23.08316142852433, "val_depth_abs_rel": 0.9998159056718242, "val_depth_sq_rel": 30.77658928693197, "val_semseg_mIoU": 0.012212877223495257, "_runtime": 430.5733902454376, "_step": 173, "epoch_loss_train": 72.98400509741998}