{"_wandb": {"runtime": 43}, "val_loss": 1.8717583091395675, "_timestamp": 1711020371.8359294, "val_edge_loss": 0.05554010911128862, "val_human_parts_loss": 0.13184501866626133, "val_semseg_loss": 0.22187318771508088, "val_normals_loss": 0.11338676996291823, "val_sal_loss": 0.017690694635840738, "val_human_parts_mIoU": 0.06938998429808171, "val_semseg_mIoU": 0.002694448986494062, "val_normals_mean": 70.51081809803864, "val_sal_maxF": 0.2914573550224304, "_runtime": 38.09048128128052, "_step": 0}