{"train_loss": 3.727358341217041, "_timestamp": 1711502557.6111386, "train_depth_loss": 1.2901681661605835, "train_semseg_loss": 0.18747615814208984, "learning rate": 0.0, "val_loss": 5.489101852416992, "val_depth_loss": 2.6481291880607607, "val_semseg_loss": 0.21853635862469672, "val_depth_rmse": 6.026387169185714, "val_depth_log_rmse": 0.41504365163813556, "val_depth_abs_rel": 0.266024013935531, "val_depth_sq_rel": 8.890785585406508, "val_semseg_mIoU": 0.564955583768933, "_runtime": 23309.36458659172, "_step": 10650, "epoch_loss_train": 3.804885274367713, "_wandb": {"runtime": 23319}}