{"train_loss": 26.952651977539062, "_timestamp": 1711022149.6137364, "train_edge_loss": 0.040262654423713684, "train_human_parts_loss": 1.8865331411361694, "train_semseg_loss": 3.091543197631836, "train_normals_loss": 1.6709893941879272, "train_sal_loss": 0.2730031907558441, "val_loss": 3.613678503036499, "val_edge_loss": 0.0536941924509364, "val_human_parts_loss": 0.2455905020236969, "val_semseg_loss": 0.40758972316980363, "val_normals_loss": 0.23068587481975555, "val_sal_loss": 0.02697845110669732, "val_human_parts_mIoU": 0.06369974084487623, "val_semseg_mIoU": 0.0005953215050837567, "val_normals_mean": 68.30748500102034, "val_sal_maxF": 0.22512613236904144, "_runtime": 367.5045793056488, "_step": 218, "_wandb": {"runtime": 367}}