{"train_loss": 5.860939979553223, "_timestamp": 1711030907.4959636, "train_edge_loss": 0.013509008102118969, "train_human_parts_loss": 0.10099446773529053, "train_semseg_loss": 0.4625261723995209, "train_normals_loss": 0.40109774470329285, "train_sal_loss": 0.101999431848526, "learning rate": 4.714093459342684e-06, "val_loss": 0.8745446354150772, "val_edge_loss": 0.04332795238986676, "val_human_parts_loss": 0.03867172691971064, "val_semseg_loss": 0.07880097143352031, "val_normals_loss": 0.05507355034351349, "val_sal_loss": 0.010305420472286641, "val_human_parts_mIoU": 0.4455809124260525, "val_semseg_mIoU": 0.2830623507568689, "val_normals_mean": 16.867366494354687, "val_sal_maxF": 0.8209489583969116, "_runtime": 6751.868127584457, "_step": 6488, "epoch_loss_train": 6.173450053877132}